threshold,accuracy,precision,recall,decided,no_decidido,no_decidido_pct
0.5,0.9890260631001372,0.9890450873873483,0.9890260631001372,1458,2,0.136986301369863
0.6,0.9890185312285518,0.9890374101954947,0.9890185312285518,1457,3,0.2054794520547945
0.7,0.9896978021978022,0.9897068359116221,0.9896978021978022,1456,4,0.273972602739726
0.8,0.9910344827586207,0.9910442895514144,0.9910344827586207,1450,10,0.684931506849315
0.9,0.9937456567060459,0.9937494457002713,0.9937456567060459,1439,21,1.4383561643835616
