feature,global_ig
skew_v,0.4536911292249483
v_95,0.45239607505501905
std_v,0.41004858958612445
mean_b,0.35968971707654274
