,natural,artificial,pantallas,mix
std_v,0.32855755237653006,0.38165586455509226,0.5708837544256951,0.3590971869871804
mean_b,0.24069499997272814,0.37106523803047864,0.571404774832553,0.25559385547041114
skew_v,0.3746735571635087,0.4553297718731093,0.5693393500819675,0.4154218377812078
v_95,0.33726532131740217,0.5125553936359142,0.5704291050389894,0.3893344802277705
