feature,ig_score
skew_v,0.3746735571635087
v_95,0.33726532131740217
std_v,0.32855755237653006
mean_b,0.24069499997272814
