feature,ig_score
mean_b,0.571404774832553
std_v,0.5708837544256951
v_95,0.5704291050389894
skew_v,0.5693393500819675
