feature,ig_score
v_95,0.5125553936359142
skew_v,0.4553297718731093
std_v,0.38165586455509226
mean_b,0.37106523803047864
