feature,ig_score
skew_v,0.4154218377812078
v_95,0.3893344802277705
std_v,0.3590971869871804
mean_b,0.25559385547041114
